<?xml version="1.0" encoding="utf-8"?>
<odoo>
    <data noupdate="1">
        <record id="reservation_sequence" model="ir.sequence">
            <field name="name">Reservation</field>
            <field name="code">room.reservation</field>
            <field name="prefix">RBK</field>
            <field name="padding">5</field>
            <field name="company_id" eval="False"/>
        </record>
        <record id="checkin_sequence" model="ir.sequence">
            <field name="name">Checkin</field>
            <field name="code">room.checkin</field>
            <field name="prefix">CKIN</field>
            <field name="padding">5</field>
            <field name="company_id" eval="False"/>
        </record>
        <record id="checkout_sequence" model="ir.sequence">
            <field name="name">Checkout</field>
            <field name="code">room.checkout</field>
            <field name="prefix">CKOUT</field>
            <field name="padding">5</field>
            <field name="company_id" eval="False"/>
        </record>
    </data>
</odoo>
